id,title,first_name,last_name,gender,language,department,job_title,skill,email,
1,ms,darya,vossing,male,persian,legal,automation_specialist_ii,aerial_lifts,dvossing0@fotki.com,
2,dr,car,torel,male,french,marketing,accounting_assistant_iv,vxml,ctorel1@elpais.com,
3,rev,ax,ambrosetti,female,new_zealand_sign_language,product_management,human_resources_manager,hadoop,aambrosetti2@fda.gov,
4,rev,nelle,reijmers,female,polish,human_resources,cost_accountant,golf,nreijmers3@dailymotion.com,
5,mr,leicester,woodberry,male,oriya,product_management,environmental_tech,natural_resources,lwoodberry4@examiner.com,
6,dr,sibylle,sutter,male,english,research_and_development,vp_accounting,java_enterprise_edition,ssutter5@storify.com,
7,mr,lexy,heimes,female,oriya,support,biostatistician_i,toad,lheimes6@comsenz.com,
8,honorable,fletcher,romney,male,filipino,services,web_designer_iii,nrswa,fromney7@stanford.edu,
9,dr,annadiane,haspineall,male,chinese,business_development,vp_sales,gis_systems,ahaspineall8@fastcompany.com,
10,mr,cori,oakden,female,azeri,services,software_consultant,relationship_building,coakden9@slate.com,
11,rev,rene,mccart,female,montenegrin,support,executive_secretary,mfs,rmccarta@springer.com,
12,ms,benedikta,wasbey,female,northern_sotho,training,senior_sales_associate,cfia,bwasbeyb@networkadvertising.org,
13,mrs,dicky,montford,female,german,business_development,assistant_professor,jewelry,dmontfordc@reddit.com,
14,mrs,alister,mcclenaghan,male,dhivehi,research_and_development,director_of_sales,ncode,amcclenaghand@europa.eu,
15,rev,annora,perello,male,greek,research_and_development,payment_adjustment_coordinator,ngl,aperelloe@globo.com,
16,dr,carlyle,fussey,female,gujarati,support,software_test_engineer_iv,pylons,cfusseyf@deliciousdays.com,
17,honorable,millard,karys,female,northern_sotho,engineering,clinical_specialist,vxi,mkarysg@economist.com,
18,honorable,junette,slingsby,female,burmese,business_development,research_nurse,military_training,jslingsbyh@instagram.com,
19,mrs,kania,lanon,male,marathi,services,payment_adjustment_coordinator,solution_architecture,klanoni@joomla.org,
20,rev,ezekiel,nelsey,male,georgian,business_development,professor,ozone,enelseyj@fda.gov,
21,honorable,kristofor,kneale,female,tswana,research_and_development,engineer_iii,earthworks,kknealek@slashdot.org,
22,dr,dre,chattey,male,arabic,marketing,assistant_manager,cpl,dchatteyl@fotki.com,
23,rev,erinn,abrahamian,male,tajik,engineering,nurse_practicioner,backbone.js,eabrahamianm@slashdot.org,
24,mr,igor,stevenson,male,lao,legal,analog_circuit_design_manager,hw_development,istevensonn@google.es,
25,honorable,lee,clowes,male,luxembourgish,business_development,engineer_iv,ncloth,lcloweso@hc360.com,
26,dr,saudra,caspell,male,dari,human_resources,developer_ii,qrops,scaspellp@networksolutions.com,
27,rev,karon,ollander,female,west_frisian,support,compensation_analyst,research_ethics,kollanderq@ocn.ne.jp,
28,mr,torey,dayer,male,maltese,sales,junior_executive,sleep_apnea,tdayerr@hugedomains.com,
29,rev,vladamir,guite,male,bosnian,accounting,clinical_specialist,situational_awareness,vguites@facebook.com,
30,rev,anabal,pethybridge,female,fijian,human_resources,internal_auditor,satellite_tv,apethybridget@si.edu,
31,ms,kean,fitchew,female,portuguese,legal,internal_auditor,juniper_jncia,kfitchewu@posterous.com,
32,ms,aggi,davidzon,male,kashmiri,business_development,human_resources_assistant_i,swaps,adavidzonv@zdnet.com,
33,ms,jacki,hlavac,female,bislama,accounting,administrative_assistant_iv,ownership,jhlavacw@weebly.com,
34,rev,odille,hamlet,female,bulgarian,sales,staff_accountant_ii,udig,ohamletx@simplemachines.org,
35,rev,lyndel,trye,male,assamese,legal,information_systems_manager,allergy,ltryey@storify.com,
36,honorable,vinny,cranmere,male,oriya,support,accountant_iii,bootstrap,vcranmerez@constantcontact.com,
37,honorable,renato,yetts,male,khmer,human_resources,dental_hygienist,ebp,ryetts10@businessweek.com,
38,honorable,noland,sappson,female,german,product_management,data_coordiator,hds,nsappson11@theglobeandmail.com,
39,honorable,evita,foyston,female,german,legal,research_assistant_iv,ltd,efoyston12@nbcnews.com,
40,mr,debee,whittington,female,korean,legal,project_manager,jsf,dwhittington13@nih.gov,
41,mrs,clement,weir,female,portuguese,support,database_administrator_iv,ni_labview,cweir14@jalbum.net,
42,ms,winnah,lurner,female,tok_pisin,business_development,graphic_designer,kaizen_leadership,wlurner15@ucla.edu,
43,mrs,merrili,mcgrady,female,west_frisian,accounting,executive_secretary,device_drivers,mmcgrady16@wiley.com,
44,ms,fania,mccrudden,female,oriya,business_development,human_resources_assistant_ii,petrochemical,fmccrudden17@ftc.gov,
45,ms,johanna,worley,female,gagauz,accounting,desktop_support_technician,chromatography,jworley18@technorati.com,
46,dr,adina,pottes,male,albanian,human_resources,web_designer_iv,shrinkage,apottes19@nhs.uk,
47,mrs,charissa,meeus,female,estonian,sales,help_desk_operator,smartboard,cmeeus1a@amazonaws.com,
48,honorable,sukey,benza,female,new_zealand_sign_language,research_and_development,statistician_iv,tcad,sbenza1b@mozilla.org,
49,mrs,oralle,antonomolii,male,albanian,marketing,help_desk_technician,gfsi,oantonomolii1c@icq.com,
50,rev,hill,davidsen,female,swedish,product_management,assistant_manager,software_project_management,hdavidsen1d@behance.net,
51,honorable,kaleena,prosch,male,bulgarian,services,project_manager,tfs,kprosch1e@cornell.edu,
52,ms,otto,tomei,male,malayalam,accounting,account_coordinator,wpa,otomei1f@cargocollective.com,
53,rev,tilly,corrington,female,czech,accounting,recruiting_manager,typing,tcorrington1g@acquirethisname.com,
54,ms,darius,glacken,female,kannada,support,programmer_analyst_ii,usability_testing,dglacken1h@deviantart.com,
55,mr,trix,danton,male,hiri_motu,product_management,senior_editor,consumer_electronics,tdanton1i@flavors.me,
56,dr,andonis,huyhton,female,lao,research_and_development,software_consultant,real_estate_license,ahuyhton1j@bloomberg.com,
57,honorable,basia,horribine,male,portuguese,support,staff_scientist,xtrac,bhorribine1k@i2i.jp,
58,mr,fredi,brazenor,male,new_zealand_sign_language,marketing,programmer_analyst_iii,system_deployment,fbrazenor1l@hatena.ne.jp,
59,ms,wood,naisbit,male,kyrgyz,services,mechanical_systems_engineer,ihe,wnaisbit1m@who.int,
60,rev,weber,coopey,male,lithuanian,human_resources,recruiter,screening_resumes,wcoopey1n@infoseek.co.jp,
61,honorable,katina,draude,male,korean,services,data_coordiator,nde,kdraude1o@bloglines.com,
62,rev,corilla,van_cassel,male,swahili,human_resources,senior_developer,fql,cvancassel1p@ifeng.com,
63,mrs,gerry,ayscough,female,german,sales,assistant_media_planner,finance,gayscough1q@imageshack.us,
64,dr,marj,hatterslay,male,lithuanian,support,office_assistant_iv,black_box_testing,mhatterslay1r@google.de,
65,dr,courtney,whitwell,male,french,research_and_development,budget/accounting_analyst_i,enterprise_architecture,cwhitwell1s@wsj.com,
66,honorable,herman,wakenshaw,female,polish,accounting,design_engineer,cxml,hwakenshaw1t@edublogs.org,
67,ms,elsworth,emmines,female,polish,legal,sales_associate,nanofabrication,eemmines1u@icq.com,
68,rev,dulce,briscoe,male,arabic,training,research_associate,rsync,dbriscoe1v@moonfruit.com,
69,ms,cullie,dyhouse,male,catalan,business_development,design_engineer,mutual_funds,cdyhouse1w@jigsy.com,
70,honorable,northrop,wickstead,male,estonian,services,physical_therapy_assistant,qooxdoo,nwickstead1x@imdb.com,
71,mr,gib,ernke,male,hebrew,services,teacher,landlords,gernke1y@ca.gov,
72,ms,shelbi,ubach,female,quechua,human_resources,software_consultant,therapists,subach1z@google.com,
73,mrs,tobi,astbery,female,yiddish,research_and_development,vp_quality_control,reverse_osmosis,tastbery20@guardian.co.uk,
74,honorable,ryun,surphliss,female,bulgarian,legal,recruiting_manager,corel_draw,rsurphliss21@google.it,
75,mr,gretal,hutchinges,female,kashmiri,research_and_development,account_representative_iv,test_driven_development,ghutchinges22@cam.ac.uk,
76,dr,noak,greenhaugh,female,polish,sales,clinical_specialist,apqp,ngreenhaugh23@over-blog.com,
77,ms,mari,waye,male,dari,product_management,director_of_sales,sfr,mwaye24@bandcamp.com,
78,ms,elisabeth,thain,female,hungarian,engineering,electrical_engineer,osteoporosis,ethain25@wufoo.com,
79,ms,irvin,shilito,female,dzongkha,training,data_coordiator,mcms,ishilito26@uiuc.edu,
80,mr,alanah,skerritt,male,ndebele,human_resources,software_engineer_iii,tally_erp,askerritt27@geocities.com,
81,ms,tanney,ralston,male,nepali,research_and_development,research_nurse,budgets,tralston28@wiley.com,
82,ms,forester,geraldo,male,assamese,legal,geological_engineer,oe,fgeraldo29@bizjournals.com,
83,dr,arabel,le_noury,female,catalan,research_and_development,executive_secretary,digital_signal_processors,alenoury2a@t-online.de,
84,honorable,timothee,stetson,female,tamil,business_development,assistant_professor,irrigation_management,tstetson2b@house.gov,
85,ms,fredric,chartman,male,chinese,product_management,vp_accounting,process_improvement,fchartman2c@parallels.com,
86,rev,valaree,touzey,female,tswana,services,registered_nurse,knowledge_management,vtouzey2d@timesonline.co.uk,
87,honorable,renaud,courtliff,female,filipino,engineering,account_executive,kurdish,rcourtliff2e@weather.com,
88,rev,eilis,ewbanche,male,tsonga,training,nurse_practicioner,psychiatry,eewbanche2f@chicagotribune.com,
89,rev,poppy,gerrit,male,gagauz,business_development,help_desk_operator,llvm,pgerrit2g@tumblr.com,
90,honorable,skelly,ellacombe,female,korean,research_and_development,nuclear_power_engineer,water,sellacombe2h@go.com,
91,ms,eloise,scini,male,bengali,engineering,community_outreach_specialist,ctl,escini2i@chron.com,
92,mrs,lanita,mc_ilwrick,female,tajik,support,structural_analysis_engineer,start-up_environment,lmcilwrick2j@tinypic.com,
93,mrs,modestia,kanzler,female,swedish,business_development,internal_auditor,asp,mkanzler2k@printfriendly.com,
94,mrs,franny,beare,male,macedonian,business_development,tax_accountant,dnp3,fbeare2l@skyrock.com,
95,mr,glad,scouler,female,hiri_motu,training,graphic_designer,natural_gas,gscouler2m@timesonline.co.uk,
96,mr,malia,selvey,male,kannada,sales,registered_nurse,xml_schema,mselvey2n@jalbum.net,
97,honorable,rollins,martellini,female,finnish,sales,associate_professor,budgets,rmartellini2o@cocolog-nifty.com,
98,mrs,jordan,petrushanko,male,dhivehi,human_resources,automation_specialist_iv,gc-ms,jpetrushanko2p@ameblo.jp,
99,ms,brandon,werndly,female,thai,business_development,pharmacist,professional_ethics,bwerndly2q@de.vu,
100,dr,vasilis,wallege,female,hindi,research_and_development,account_representative_iii,carrier_ethernet,vwallege2r@fc2.com,
101,mr,chiquia,dymond,female,mongolian,legal,help_desk_technician,hydraulic_systems,cdymond2s@fc2.com,
102,dr,ronna,maystone,female,moldovan,human_resources,database_administrator_ii,cxo_level_engagement,rmaystone2t@biglobe.ne.jp,
103,ms,wilek,doveston,male,pashto,sales,nurse,social_justice,wdoveston2u@php.net,
104,ms,bellanca,illyes,male,filipino,research_and_development,analog_circuit_design_manager,pga,billyes2v@163.com,
105,mr,adela,saffen,female,finnish,human_resources,desktop_support_technician,yeast_two-hybrid,asaffen2w@printfriendly.com,
106,honorable,leia,mccart,female,kazakh,sales,vp_sales,jqtouch,lmccart2x@ox.ac.uk,
107,honorable,zena,rummery,male,bengali,legal,web_developer_i,group_therapy,zrummery2y@forbes.com,
108,honorable,steward,mcdool,female,ndebele,legal,nurse_practicioner,sflow,smcdool2z@acquirethisname.com,
109,mr,roosevelt,whorlow,female,tamil,product_management,media_manager_i,oil_&amp;_gas,rwhorlow30@github.com,
110,honorable,luciana,porte,female,new_zealand_sign_language,engineering,health_coach_ii,vo,lporte31@mediafire.com,
111,honorable,em,silvers,male,zulu,support,vp_product_management,dp,esilvers32@google.it,
112,dr,hunt,pocock,female,maltese,accounting,database_administrator_iii,merchandising,hpocock33@google.fr,
113,ms,addy,gulland,female,persian,business_development,safety_technician_ii,labor_relations,agulland34@amazon.co.jp,
114,mr,major,christoffersen,male,bengali,engineering,pharmacist,ccsp,mchristoffersen35@google.de,
115,dr,matias,ellul,male,tetum,accounting,financial_advisor,dhcpd,mellul36@irs.gov,
116,ms,shamus,petracci,female,finnish,sales,business_systems_development_analyst,rtp,spetracci37@prnewswire.com,
117,ms,michal,donnersberg,female,croatian,marketing,budget/accounting_analyst_i,ifm,mdonnersberg38@amazon.co.uk,
118,honorable,delbert,o'skehan,male,hindi,research_and_development,pharmacist,tmdls,doskehan39@ox.ac.uk,
119,rev,xever,helkin,female,dhivehi,product_management,quality_engineer,ibm_servers,xhelkin3a@hatena.ne.jp,
120,mr,emmy,strawbridge,male,polish,marketing,quality_control_specialist,hyper-v,estrawbridge3b@canalblog.com,
121,ms,tiffany,cradick,female,hiri_motu,human_resources,programmer_analyst_iii,hr_transformation,tcradick3c@qq.com,
122,ms,melly,abercrombie,male,amharic,services,assistant_media_planner,bpml,mabercrombie3d@marketwatch.com,
123,mrs,caesar,cullinan,female,thai,marketing,social_worker,egrc,ccullinan3e@pcworld.com,
124,honorable,gardy,hilary,male,azeri,training,account_representative_iv,member_of_ieee,ghilary3f@cdbaby.com,
125,mr,blondy,swyre,male,haitian_creole,research_and_development,librarian,rooms_division,bswyre3g@soup.io,
126,rev,irene,mishaw,female,malayalam,training,programmer_ii,office_equipment,imishaw3h@time.com,
127,honorable,marja,unitt,male,french,services,mechanical_systems_engineer,ocean,munitt3i@gnu.org,
128,mrs,stanislaw,rollitt,male,catalan,product_management,community_outreach_specialist,mlss,srollitt3j@amazon.com,
129,mrs,weylin,amberson,female,papiamento,sales,assistant_manager,credit,wamberson3k@mapquest.com,
130,mrs,stern,loding,male,assamese,services,safety_technician_iii,kinect,sloding3l@admin.ch,
131,dr,paulette,samter,male,hindi,sales,data_coordiator,supply_chain_management,psamter3m@webs.com,
132,dr,jermain,gatus,male,bulgarian,engineering,dental_hygienist,fsp,jgatus3n@yolasite.com,
133,mr,wilden,mcgaugie,male,tetum,engineering,civil_engineer,amadeus,wmcgaugie3o@addthis.com,
134,honorable,amelita,tunnicliff,male,czech,product_management,nuclear_power_engineer,press_kits,atunnicliff3p@sciencedirect.com,
135,ms,royal,williamson,male,malagasy,product_management,payment_adjustment_coordinator,european_markets,rwilliamson3q@bandcamp.com,
136,ms,milo,deares,male,tetum,marketing,occupational_therapist,facebook,mdeares3r@abc.net.au,
137,ms,delmore,spendlove,male,amharic,services,physical_therapy_assistant,coaching,dspendlove3s@dailymotion.com,
138,rev,gail,gridley,male,dzongkha,research_and_development,software_engineer_iv,rtds,ggridley3t@wp.com,
139,dr,noll,local,female,punjabi,research_and_development,vp_marketing,iosh,nlocal3u@elpais.com,
140,ms,nannette,loy,female,albanian,services,civil_engineer,event_management,nloy3v@google.com.au,
141,mr,eduino,petrollo,male,malagasy,accounting,accountant_ii,it_management,epetrollo3w@princeton.edu,
142,ms,marya,harniman,female,croatian,legal,environmental_tech,hvac,mharniman3x@fda.gov,
143,mr,cate,bowfin,female,bosnian,support,administrative_assistant_iii,commercial_banking,cbowfin3y@weather.com,
144,mr,cyrus,skyner,male,oriya,accounting,engineer_iii,military_operations,cskyner3z@usnews.com,
145,honorable,augie,vasichev,male,swati,research_and_development,nurse_practicioner,qpcr,avasichev40@printfriendly.com,
146,dr,corrina,wallen,male,hebrew,legal,technical_writer,sap_sd_module,cwallen41@mashable.com,
147,ms,zulema,worling,male,tetum,legal,software_consultant,dhs,zworling42@ucla.edu,
148,mr,carissa,cloonan,female,croatian,sales,analog_circuit_design_manager,foreign_languages,ccloonan43@mtv.com,
149,mrs,anthe,jezard,female,kannada,marketing,general_manager,enzyme_kinetics,ajezard44@vistaprint.com,
150,ms,asher,rennock,female,malagasy,accounting,safety_technician_iv,intergovernmental_affairs,arennock45@vimeo.com,
151,rev,rennie,mucklo,female,gujarati,business_development,technical_writer,pneumatic_conveying,rmucklo46@hibu.com,
152,mr,lorie,percy,male,luxembourgish,services,help_desk_operator,gi,lpercy47@google.it,
153,rev,franny,stennard,female,bengali,engineering,software_engineer_ii,nginx,fstennard48@jiathis.com,
154,mrs,gideon,ollier,female,swahili,accounting,account_coordinator,process_engineering,gollier49@vkontakte.ru,
155,mr,francoise,o'loughane,female,moldovan,product_management,marketing_assistant,sql,foloughane4a@aboutads.info,
156,mr,brinna,blankhorn,female,aymara,sales,human_resources_manager,nir_spectroscopy,bblankhorn4b@soundcloud.com,
157,rev,vinnie,hunday,female,quechua,business_development,health_coach_i,european_markets,vhunday4c@prlog.org,
158,rev,gavra,backhouse,male,chinese,engineering,biostatistician_iv,ts,gbackhouse4d@ftc.gov,
159,mrs,manya,brisco,male,hebrew,marketing,software_consultant,utility_regulation,mbrisco4e@chronoengine.com,
160,rev,bobbe,hun,male,hungarian,training,assistant_professor,professional_services,bhun4f@smh.com.au,
161,dr,ab,holby,female,japanese,business_development,graphic_designer,iq_navigator,aholby4g@parallels.com,
162,mr,elena,mckendo,female,quechua,services,automation_specialist_iv,ct_summation,emckendo4h@xinhuanet.com,
163,honorable,urbain,o'shiels,female,tswana,support,statistician_iii,ips,uoshiels4i@blinklist.com,
164,ms,rori,heigl,female,mongolian,support,chief_design_engineer,summation_iblaze,rheigl4j@abc.net.au,
165,mr,fenelia,keohane,male,dhivehi,support,staff_scientist,xrr,fkeohane4k@utexas.edu,
166,ms,penrod,doulton,female,marathi,training,analog_circuit_design_manager,sftp,pdoulton4l@furl.net,
167,mr,maxi,jull,female,italian,engineering,compensation_analyst,ib,mjull4m@wordpress.com,
168,mrs,margalo,satchel,female,swahili,business_development,administrative_assistant_ii,algorithms,msatchel4n@list-manage.com,
169,honorable,ainslee,dearle,female,papiamento,engineering,administrative_officer,cd,adearle4o@stumbleupon.com,
170,mrs,gustav,taillard,female,moldovan,marketing,financial_analyst,dxx,gtaillard4p@home.pl,
171,mrs,giordano,snasel,male,icelandic,training,associate_professor,turbines,gsnasel4q@drupal.org,
172,mrs,gil,secker,female,dhivehi,engineering,staff_accountant_ii,ohs,gsecker4r@4shared.com,
173,mrs,cathrine,beig,male,swati,business_development,geologist_iii,vna,cbeig4s@washington.edu,
174,ms,billy,delle,male,ndebele,support,project_manager,zotero,bdelle4t@mashable.com,
175,mr,aubrette,ruscoe,male,polish,human_resources,operator,pml,aruscoe4u@tripod.com,
176,honorable,allin,waine,female,dzongkha,legal,environmental_tech,websphere_mq,awaine4v@umn.edu,
177,ms,ernestus,chalcot,female,croatian,training,gis_technical_architect,gas_turbines,echalcot4w@eepurl.com,
178,rev,karla,mityushkin,female,sotho,sales,tax_accountant,nmock,kmityushkin4x@smh.com.au,
179,rev,amabel,lenormand,male,japanese,training,marketing_manager,global_delivery,alenormand4y@chronoengine.com,
180,rev,alden,sandyford,female,montenegrin,marketing,payment_adjustment_coordinator,hni,asandyford4z@aol.com,
181,dr,mata,astlett,male,arabic,sales,senior_developer,security,mastlett50@nbcnews.com,
182,honorable,cristi,rosenberg,female,kyrgyz,training,mechanical_systems_engineer,bfsi,crosenberg51@com.com,
183,mr,hillier,behn,male,tsonga,support,gis_technical_architect,lynxos,hbehn52@qq.com,
184,mrs,georgena,desborough,male,lithuanian,accounting,operator,rnaseq,gdesborough53@ucsd.edu,
185,rev,sheridan,kelledy,male,greek,marketing,clinical_specialist,aws_cwi,skelledy54@51.la,
186,rev,nicholle,faircliffe,male,hindi,product_management,quality_control_specialist,groundwater,nfaircliffe55@marketwatch.com,
187,rev,kaycee,uglow,female,greek,marketing,assistant_manager,hp_storage,kuglow56@domainmarket.com,
188,mrs,conant,sandars,female,polish,training,accountant_ii,rapid_prototyping,csandars57@twitpic.com,
189,mrs,leo,o'sirin,male,hindi,legal,structural_analysis_engineer,therapeutic_massage,losirin58@ehow.com,
190,rev,davita,rickeard,female,papiamento,training,operator,term_life_insurance,drickeard59@miitbeian.gov.cn,
191,ms,katuscha,spragge,male,montenegrin,product_management,vp_sales,concept_hdl,kspragge5a@bluehost.com,
192,rev,linn,tynemouth,male,afrikaans,human_resources,senior_sales_associate,pyramix,ltynemouth5b@adobe.com,
193,dr,finn,slight,female,new_zealand_sign_language,legal,dental_hygienist,team_mgmt,fslight5c@digg.com,
194,ms,arty,derobert,female,khmer,research_and_development,environmental_specialist,igmp,aderobert5d@ucoz.ru,
195,mr,silvanus,kliche,female,thai,product_management,chief_design_engineer,oxy-acetylene,skliche5e@histats.com,
196,honorable,grove,snelgrove,female,irish_gaelic,legal,librarian,rcm,gsnelgrove5f@blog.com,
197,honorable,valery,hebden,female,norwegian,marketing,community_outreach_specialist,juniper_switches,vhebden5g@jugem.jp,
198,ms,wendeline,whitlock,male,somali,marketing,technical_writer,hypnotherapy,wwhitlock5h@dion.ne.jp,
199,mrs,torrence,macparlan,female,malay,human_resources,nurse_practicioner,uhf,tmacparlan5i@biblegateway.com,
200,mr,gabriele,biagini,male,italian,software_development,software_developer,java,gbiagini97@gmail.com,
201,dr,furio,zoccano,male,italian,medicine,professor,talking,furio@aci.com,